{
  "bit": 1.0,
  "byte": 8.0,
  "kilobit": 1000.0,
  "megabit": 1000000.0,
  "gigabit": 1000000000.0,
  "terabit": 1000000000000.0,
  "petabit": 1000000000000000.0,
  "exabit": 1e+18,
  "zettabit": 1e+21,
  "yottabit": 1e+24,
  "kilobyte": 8000.0,
  "megabyte": 8000000.0,
  "gigabyte": 8000000000.0,
  "terabyte": 8000000000000.0,
  "petabyte": 8000000000000000.0,
  "exabyte": 8e+18,
  "zettabyte": 8e+21,
  "yottabyte": 8e+24,
  "kibibit": 1024.0,
  "mebibit": 1048576.0,
  "gibibit": 1073741824.0,
  "tebibit": 1099511627776.0,
  "pebibit": 1125899906842624.0,
  "exbibit": 1.1529215046068468e+18,
  "zebibit": 1.1805916207174113e+21,
  "yobibit": 1.2089258196146292e+24,
  "kibibyte": 8192.0,
  "mebibyte": 8388608.0,
  "gibibyte": 8589934592.0,
  "tebibyte": 8796093022208.0,
  "pebibyte": 9007199254740992.0,
  "exbibyte": 9.223372036854776e+18,
  "zebibyte": 9.44473296573929e+21,
  "yobibyte": 9.671406556917033e+24
}