{
  "bit": 1.0,
  "b": 1.0,
  "byte": 8.0,
  "B": 8.0,
  "kilobit": 1000.0,
  "kb": 1000.0,
  "megabit": 1000000.0,
  "Mb": 1000000.0,
  "gigabit": 1000000000.0,
  "Gb": 1000000000.0,
  "terabit": 1000000000000.0,
  "Tb": 1000000000000.0,
  "petabit": 1000000000000000.0,
  "Pb": 1000000000000000.0,
  "exabit": 1e18,
  "Eb": 1e18,
  "zettabit": 1e21,
  "Zb": 1e21,
  "yottabit": 1e24,
  "Yb": 1e24,
  "kilobyte": 8000.0,
  "KB": 8000.0,
  "megabyte": 8000000.0,
  "MB": 8000000.0,
  "gigabyte": 8000000000.0,
  "GB": 8000000000.0,
  "terabyte": 8000000000000.0,
  "TB": 8000000000000.0,
  "petabyte": 8000000000000000.0,
  "PB": 8000000000000000.0,
  "exabyte": 8e18,
  "EB": 8e18,
  "zettabyte": 8e21,
  "ZB": 8e21,
  "yottabyte": 8e24,
  "YB": 8e24,
  "kibibit": 1024.0,
  "Kib": 1024.0,
  "mebibit": 1048576.0,
  "Mib": 1048576.0,
  "gibibit": 1073741824.0,
  "Gib": 1073741824.0,
  "tebibit": 1099511627776.0,
  "Tib": 1099511627776.0,
  "pebibit": 1125899906842624.0,
  "Pib": 1125899906842624.0,
  "exbibit": 1.1529215046068468e18,
  "Eib": 1.1529215046068468e18,
  "zebibit": 1.1805916207174113e21,
  "Zib": 1.1805916207174113e21,
  "yobibit": 1.2089258196146292e24,
  "Yib": 1.2089258196146292e24,
  "kibibyte": 8192.0,
  "KiB": 8192.0,
  "mebibyte": 8388608.0,
  "MiB": 8388608.0,
  "gibibyte": 8589934592.0,
  "GiB": 8589934592.0,
  "tebibyte": 8796093022208.0,
  "TiB": 8796093022208.0,
  "pebibyte": 9007199254740992.0,
  "PiB": 9007199254740992.0,
  "exbibyte": 9.223372036854776e18,
  "EiB": 9.223372036854776e18,
  "zebibyte": 9.44473296573929e21,
  "ZiB": 9.44473296573929e21,
  "yobibyte": 9.671406556917033e24,
  "YiB": 9.671406556917033e24
}
