{
  "QC": 1e+30,
  "quettacoulomb": 1e+30,
  "quetta-coulomb": 1e+30,
  "RC": 1e+27,
  "ronnacoulomb": 1e+27,
  "ronna-coulomb": 1e+27,
  "yotta-coulomb": 1e+24,
  "YC": 1e+24,
  "yottacoulomb": 1e+24,
  "zetta-coulomb": 1e+21,
  "zettacoulomb": 1e+21,
  "ZC": 1e+21,
  "exacoulomb": 1e+18,
  "exa-coulomb": 1e+18,
  "EC": 1e+18,
  "PC": 1000000000000000.0,
  "petacoulomb": 1000000000000000.0,
  "peta-coulomb": 1000000000000000.0,
  "tera-coulomb": 1000000000000.0,
  "teracoulomb": 1000000000000.0,
  "TC": 1000000000000.0,
  "giga-coulomb": 1000000000.0,
  "gigacoulomb": 1000000000.0,
  "GC": 1000000000.0,
  "MC": 1000000.0,
  "mega-coulomb": 1000000.0,
  "megacoulomb": 1000000.0,
  "kilocoulomb": 1000.0,
  "kC": 1000.0,
  "kilo-coulomb": 1000.0,
  "hecto-coulomb": 100.0,
  "hectocoulomb": 100.0,
  "hC": 100.0,
  "daC": 10.0,
  "dekacoulomb": 10.0,
  "deka-coulomb": 10.0,
  "coulomb": 1.0,
  "deci-coulomb": 0.1,
  "decicoulomb": 0.1,
  "dC": 0.1,
  "cC": 0.01,
  "centi-coulomb": 0.01,
  "centicoulomb": 0.01,
  "mC": 0.001,
  "milli-coulomb": 0.001,
  "millicoulomb": 0.001,
  "\u03bcC": 1e-06,
  "micro-coulomb": 1e-06,
  "microcoulomb": 1e-06,
  "nanocoulomb": 1e-09,
  "nano-coulomb": 1e-09,
  "nC": 1e-09,
  "pC": 1e-12,
  "pico-coulomb": 1e-12,
  "picocoulomb": 1e-12,
  "femto-coulomb": 1e-15,
  "femtocoulomb": 1e-15,
  "fC": 1e-15,
  "atto-coulomb": 1e-18,
  "aC": 1e-18,
  "attocoulomb": 1e-18,
  "zepto-coulomb": 1e-21,
  "zC": 1e-21,
  "zeptocoulomb": 1e-21,
  "yocto-coulomb": 1e-24,
  "yC": 1e-24,
  "yoctocoulomb": 1e-24,
  "rontocoulomb": 1e-27,
  "ronto-coulomb": 1e-27,
  "rC": 1e-27,
  "quectocoulomb": 1e-30,
  "qC": 1e-30,
  "quecto-coulomb": 1e-30,
  "electroncharge": 1.602176634e-19,
  "electron-charge": 1.602176634e-19
}