{
  "QN": 1e+30,
  "quetta-newton": 1e+30,
  "quettanewton": 1e+30,
  "ronnanewton": 1e+27,
  "ronna-newton": 1e+27,
  "RN": 1e+27,
  "yottanewton": 1e+24,
  "yotta-newton": 1e+24,
  "YN": 1e+24,
  "ZN": 1e+21,
  "zettanewton": 1e+21,
  "zetta-newton": 1e+21,
  "EN": 1e+18,
  "exanewton": 1e+18,
  "exa-newton": 1e+18,
  "peta-newton": 1000000000000000.0,
  "petanewton": 1000000000000000.0,
  "PN": 1000000000000000.0,
  "tera-newton": 1000000000000.0,
  "TN": 1000000000000.0,
  "teranewton": 1000000000000.0,
  "giga-newton": 1000000000.0,
  "giganewton": 1000000000.0,
  "GN": 1000000000.0,
  "mega-newton": 1000000.0,
  "meganewton": 1000000.0,
  "MN": 1000000.0,
  "kN": 1000.0,
  "kilo-newton": 1000.0,
  "kilonewton": 1000.0,
  "hectonewton": 100.0,
  "hN": 100.0,
  "hecto-newton": 100.0,
  "deka-newton": 10.0,
  "daN": 10.0,
  "dekanewton": 10.0,
  "newton": 1.0,
  "dN": 0.1,
  "decinewton": 0.1,
  "deci-newton": 0.1,
  "centinewton": 0.01,
  "cN": 0.01,
  "centi-newton": 0.01,
  "mN": 0.001,
  "millinewton": 0.001,
  "milli-newton": 0.001,
  "micro-newton": 1e-06,
  "micronewton": 1e-06,
  "\u03bcN": 1e-06,
  "nano-newton": 1e-09,
  "nanonewton": 1e-09,
  "nN": 1e-09,
  "pN": 1e-12,
  "piconewton": 1e-12,
  "pico-newton": 1e-12,
  "fN": 1e-15,
  "femtonewton": 1e-15,
  "femto-newton": 1e-15,
  "atto-newton": 1e-18,
  "aN": 1e-18,
  "attonewton": 1e-18,
  "zeptonewton": 1e-21,
  "zepto-newton": 1e-21,
  "zN": 1e-21,
  "yocto-newton": 1e-24,
  "yN": 1e-24,
  "yoctonewton": 1e-24,
  "rN": 1e-27,
  "rontonewton": 1e-27,
  "ronto-newton": 1e-27,
  "qN": 1e-30,
  "quectonewton": 1e-30,
  "quecto-newton": 1e-30,
  "poundforce": 4.4482216153,
  "pound-force": 4.4482216153,
  "kilogramforce": 9.80665,
  "kilogram-force": 9.80665
}