{
  "quettahertz": 1e+30,
  "quetta-hertz": 1e+30,
  "QHz": 1e+30,
  "ronnahertz": 1e+27,
  "ronna-hertz": 1e+27,
  "RHz": 1e+27,
  "YHz": 1e+24,
  "yotta-hertz": 1e+24,
  "yottahertz": 1e+24,
  "ZHz": 1e+21,
  "zettahertz": 1e+21,
  "zetta-hertz": 1e+21,
  "exa-hertz": 1e+18,
  "exahertz": 1e+18,
  "EHz": 1e+18,
  "petahertz": 1000000000000000.0,
  "PHz": 1000000000000000.0,
  "peta-hertz": 1000000000000000.0,
  "terahertz": 1000000000000.0,
  "tera-hertz": 1000000000000.0,
  "THz": 1000000000000.0,
  "giga-hertz": 1000000000.0,
  "GHz": 1000000000.0,
  "gigahertz": 1000000000.0,
  "megahertz": 1000000.0,
  "mega-hertz": 1000000.0,
  "MHz": 1000000.0,
  "kilo-hertz": 1000.0,
  "kHz": 1000.0,
  "kilohertz": 1000.0,
  "hHz": 100.0,
  "hecto-hertz": 100.0,
  "hectohertz": 100.0,
  "dekahertz": 10.0,
  "daHz": 10.0,
  "deka-hertz": 10.0,
  "hertz": 1.0,
  "decihertz": 0.1,
  "deci-hertz": 0.1,
  "dHz": 0.1,
  "centi-hertz": 0.01,
  "cHz": 0.01,
  "centihertz": 0.01,
  "millihertz": 0.001,
  "milli-hertz": 0.001,
  "mHz": 0.001,
  "microhertz": 1e-06,
  "micro-hertz": 1e-06,
  "\u03bcHz": 1e-06,
  "nHz": 1e-09,
  "nanohertz": 1e-09,
  "nano-hertz": 1e-09,
  "picohertz": 1e-12,
  "pHz": 1e-12,
  "pico-hertz": 1e-12,
  "fHz": 1e-15,
  "femtohertz": 1e-15,
  "femto-hertz": 1e-15,
  "attohertz": 1e-18,
  "aHz": 1e-18,
  "atto-hertz": 1e-18,
  "zHz": 1e-21,
  "zeptohertz": 1e-21,
  "zepto-hertz": 1e-21,
  "yoctohertz": 1e-24,
  "yHz": 1e-24,
  "yocto-hertz": 1e-24,
  "rontohertz": 1e-27,
  "ronto-hertz": 1e-27,
  "rHz": 1e-27,
  "qHz": 1e-30,
  "quectohertz": 1e-30,
  "quecto-hertz": 1e-30,
  "revolutions-per-minute": 0.016666666666666666,
  "revolutionsper-minute": 0.016666666666666666
}