{
  "quetta-gram": 1e+30,
  "ronna-gram": 1e+27,
  "yotta-gram": 1e+24,
  "zetta-gram": 1e+21,
  "exa-gram": 1e+18,
  "peta-gram": 1000000000000000.0,
  "tera-gram": 1000000000000.0,
  "giga-gram": 1000000000.0,
  "mega-gram": 1000000.0,
  "kilo-gram": 1000.0,
  "hecto-gram": 100.0,
  "deka-gram": 10.0,
  "gram": 1.0,
  "deci-gram": 0.1,
  "centi-gram": 0.01,
  "milli-gram": 0.001,
  "micro-gram": 1e-06,
  "nano-gram": 1e-09,
  "pico-gram": 1e-12,
  "femto-gram": 1e-15,
  "atto-gram": 1e-18,
  "zepto-gram": 1e-21,
  "yocto-gram": 1e-24,
  "ronto-gram": 1e-27,
  "quecto-gram": 1e-30,
  "pound": 453.59237,
  "ounce": 28.349523125,
  "ton": 907184.74,
  "carat": 0.2
}