{
  "quetta-gram": 1e30,
  "quettagram": 1e30,
  "Qg": 1e30,
  "ronna-gram": 1e27,
  "ronnagram": 1e27,
  "Rg": 1e27,
  "yotta-gram": 1e24,
  "yottagram": 1e24,
  "Yg": 1e24,
  "zetta-gram": 1e21,
  "zettagram": 1e21,
  "Zg": 1e21,
  "exa-gram": 1e18,
  "exagram": 1e18,
  "Eg": 1e18,
  "peta-gram": 1000000000000000.0,
  "petagram": 1000000000000000.0,
  "Pg": 1000000000000000.0,
  "tera-gram": 1000000000000.0,
  "teragram": 1000000000000.0,
  "Tg": 1000000000000.0,
  "giga-gram": 1000000000.0,
  "gigagram": 1000000000.0,
  "Gg": 1000000000.0,
  "mega-gram": 1000000.0,
  "megagram": 1000000.0,
  "Mg": 1000000.0,
  "kilo-gram": 1000.0,
  "kilogram": 1000.0,
  "kg": 1000.0,
  "hecto-gram": 100.0,
  "hectogram": 100.0,
  "hg": 100.0,
  "deka-gram": 10.0,
  "dekagram": 10.0,
  "dag": 10.0,
  "gram": 1.0,
  "g": 1.0,
  "deci-gram": 0.1,
  "decigram": 0.1,
  "dg": 0.1,
  "centi-gram": 0.01,
  "centigram": 0.01,
  "cg": 0.01,
  "milli-gram": 0.001,
  "milligram": 0.001,
  "mg": 0.001,
  "micro-gram": 1e-6,
  "microgram": 1e-6,
  "μg": 1e-6,
  "nano-gram": 1e-9,
  "nanogram": 1e-9,
  "ng": 1e-9,
  "pico-gram": 1e-12,
  "picogram": 1e-12,
  "pg": 1e-12,
  "femto-gram": 1e-15,
  "femtogram": 1e-15,
  "fg": 1e-15,
  "atto-gram": 1e-18,
  "attogram": 1e-18,
  "ag": 1e-18,
  "zepto-gram": 1e-21,
  "zeptogram": 1e-21,
  "zg": 1e-21,
  "yocto-gram": 1e-24,
  "yoctogram": 1e-24,
  "yg": 1e-24,
  "ronto-gram": 1e-27,
  "rontogram": 1e-27,
  "rg": 1e-27,
  "quecto-gram": 1e-30,
  "quectogram": 1e-30,
  "qg": 1e-30,
  "pound": 453.59237,
  "lb": 453.59237,
  "ounce": 28.349523125,
  "oz": 28.349523125,
  "ton": 907184.74,
  "t": 907184.74,
  "carat": 0.2,
  "ct": 0.2
}
