{
  "quetta-radian": 1e+30,
  "ronna-radian": 1e+27,
  "yotta-radian": 1e+24,
  "zetta-radian": 1e+21,
  "exa-radian": 1e+18,
  "peta-radian": 1000000000000000.0,
  "tera-radian": 1000000000000.0,
  "giga-radian": 1000000000.0,
  "mega-radian": 1000000.0,
  "kilo-radian": 1000.0,
  "hecto-radian": 100.0,
  "deka-radian": 10.0,
  "radian": 1.0,
  "deci-radian": 0.1,
  "centi-radian": 0.01,
  "milli-radian": 0.001,
  "micro-radian": 1e-06,
  "nano-radian": 1e-09,
  "pico-radian": 1e-12,
  "femto-radian": 1e-15,
  "atto-radian": 1e-18,
  "zepto-radian": 1e-21,
  "yocto-radian": 1e-24,
  "ronto-radian": 1e-27,
  "quecto-radian": 1e-30,
  "degree": 0.017453292519943295,
  "gradian": 0.015707963267948967
}