{
  "quettapascal": 1e+30,
  "QPa": 1e+30,
  "quetta-pascal": 1e+30,
  "ronna-pascal": 1e+27,
  "RPa": 1e+27,
  "ronnapascal": 1e+27,
  "yotta-pascal": 1e+24,
  "YPa": 1e+24,
  "yottapascal": 1e+24,
  "ZPa": 1e+21,
  "zetta-pascal": 1e+21,
  "zettapascal": 1e+21,
  "exa-pascal": 1e+18,
  "exapascal": 1e+18,
  "EPa": 1e+18,
  "PPa": 1000000000000000.0,
  "petapascal": 1000000000000000.0,
  "peta-pascal": 1000000000000000.0,
  "terapascal": 1000000000000.0,
  "TPa": 1000000000000.0,
  "tera-pascal": 1000000000000.0,
  "giga-pascal": 1000000000.0,
  "GPa": 1000000000.0,
  "gigapascal": 1000000000.0,
  "mega-pascal": 1000000.0,
  "MPa": 1000000.0,
  "megapascal": 1000000.0,
  "kilo-pascal": 1000.0,
  "kilopascal": 1000.0,
  "kPa": 1000.0,
  "hPa": 100.0,
  "hectopascal": 100.0,
  "hecto-pascal": 100.0,
  "dekapascal": 10.0,
  "deka-pascal": 10.0,
  "daPa": 10.0,
  "pascal": 1.0,
  "dPa": 0.1,
  "deci-pascal": 0.1,
  "decipascal": 0.1,
  "cPa": 0.01,
  "centipascal": 0.01,
  "centi-pascal": 0.01,
  "millipascal": 0.001,
  "milli-pascal": 0.001,
  "mPa": 0.001,
  "micro-pascal": 1e-06,
  "\u03bcPa": 1e-06,
  "micropascal": 1e-06,
  "nPa": 1e-09,
  "nano-pascal": 1e-09,
  "nanopascal": 1e-09,
  "picopascal": 1e-12,
  "pico-pascal": 1e-12,
  "pPa": 1e-12,
  "femtopascal": 1e-15,
  "femto-pascal": 1e-15,
  "fPa": 1e-15,
  "attopascal": 1e-18,
  "atto-pascal": 1e-18,
  "aPa": 1e-18,
  "zeptopascal": 1e-21,
  "zPa": 1e-21,
  "zepto-pascal": 1e-21,
  "yPa": 1e-24,
  "yoctopascal": 1e-24,
  "yocto-pascal": 1e-24,
  "rPa": 1e-27,
  "ronto-pascal": 1e-27,
  "rontopascal": 1e-27,
  "quectopascal": 1e-30,
  "quecto-pascal": 1e-30,
  "qPa": 1e-30,
  "atmosphere": 101325.0,
  "bar": 100000.0,
  "psi": 6894.757293168,
  "torr": 133.322368421
}